antecedents,consequents,antecedent support,consequent support,support,confidence,lift,leverage,conviction,zhangs_metric
frozenset({'other vegetables'}),frozenset({'beef'}),0.3766033863519754,0.11954848640328374,0.05079527963057978,0.13487738419618528,1.1282232695208803,0.005772914817850042,1.0177187574488027,0.18230868354325133
frozenset({'beef'}),frozenset({'other vegetables'}),0.11954848640328374,0.3766033863519754,0.05079527963057978,0.4248927038626609,1.1282232695208803,0.005772914817850042,1.0839657535820129,0.12908219726401537
frozenset({'whole milk'}),frozenset({'beef'}),0.4581836839404823,0.11954848640328374,0.06413545407901487,0.13997760358342665,1.1708856196742425,0.009360288169249671,1.023754168804515,0.26936363636363614
frozenset({'beef'}),frozenset({'whole milk'}),0.11954848640328374,0.4581836839404823,0.06413545407901487,0.5364806866952789,1.1708856196742425,0.009360288169249671,1.1689185337209964,0.16576223776223764
frozenset({'other vegetables'}),frozenset({'bottled beer'}),0.3766033863519754,0.15879938429964083,0.06849666495638788,0.18188010899182558,1.145345177463871,0.00869227907853444,1.0282119099484823,0.20356344692591055
frozenset({'bottled beer'}),frozenset({'other vegetables'}),0.15879938429964083,0.3766033863519754,0.06849666495638788,0.43134087237479807,1.1453451774638712,0.00869227907853444,1.096257113204907,0.150856717300995
frozenset({'rolls/buns'}),frozenset({'bottled beer'}),0.3496664956387891,0.15879938429964083,0.06310928681375064,0.18048422597212033,1.136554948044144,0.0075824625960978845,1.02646055434162,0.18474848062090105
frozenset({'bottled beer'}),frozenset({'rolls/buns'}),0.15879938429964083,0.3496664956387891,0.06310928681375064,0.3974151857835218,1.136554948044144,0.0075824625960978845,1.0792397833769154,0.14282933771698203
frozenset({'soda'}),frozenset({'bottled beer'}),0.3134940995382247,0.15879938429964083,0.05515649050795279,0.17594108019639934,1.1079456067941271,0.0053738205197123926,1.020801541594676,0.1419195606076408
frozenset({'bottled beer'}),frozenset({'soda'}),0.15879938429964083,0.3134940995382247,0.05515649050795279,0.3473344103392569,1.1079456067941271,0.0053738205197123926,1.0518493870936605,0.11582090399086513
frozenset({'whole milk'}),frozenset({'bottled beer'}),0.4581836839404823,0.15879938429964083,0.08542842483324782,0.1864501679731243,1.174123997995539,0.012669137927357993,1.033987818059767,0.27371121121121117
frozenset({'bottled beer'}),frozenset({'whole milk'}),0.15879938429964083,0.4581836839404823,0.08542842483324782,0.5379644588045235,1.174123997995539,0.012669137927357993,1.1726723763665787,0.1762970655925825
frozenset({'other vegetables'}),frozenset({'bottled water'}),0.3766033863519754,0.21369933299127758,0.09389430477167779,0.24931880108991827,1.1666802960966403,0.013414412306004236,1.0474495273764108,0.22917538060221723
frozenset({'bottled water'}),frozenset({'other vegetables'}),0.21369933299127758,0.3766033863519754,0.09389430477167779,0.43937575030012005,1.1666802960966403,0.013414412306004236,1.1119686920102883,0.1816953262197024
frozenset({'bottled water'}),frozenset({'rolls/buns'}),0.21369933299127758,0.3496664956387891,0.0792714212416624,0.3709483793517407,1.0608633768988154,0.004547924354255689,1.0338316968184897,0.07296388391749425
frozenset({'rolls/buns'}),frozenset({'bottled water'}),0.3496664956387891,0.21369933299127758,0.0792714212416624,0.22670579603815116,1.0608633768988154,0.004547924354255689,1.0168195532570101,0.08821866043673371
frozenset({'bottled water'}),frozenset({'root vegetables'}),0.21369933299127758,0.23063109286813752,0.05413032324268856,0.2533013205282113,1.0982964932357815,0.004844612529718177,1.0303606103550504,0.11382293591458369
frozenset({'root vegetables'}),frozenset({'bottled water'}),0.23063109286813752,0.21369933299127758,0.05413032324268856,0.2347052280311457,1.0982964932357815,0.004844612529718177,1.0274481099430834,0.1163278754845612
frozenset({'bottled water'}),frozenset({'soda'}),0.21369933299127758,0.3134940995382247,0.07619291944586967,0.3565426170468187,1.1373184298269226,0.009199439477849874,1.066901893814662,0.15355293006190238
frozenset({'soda'}),frozenset({'bottled water'}),0.3134940995382247,0.21369933299127758,0.07619291944586967,0.2430441898527005,1.1373184298269226,0.009199439477849874,1.0387669352266582,0.17587433880408476
frozenset({'bottled water'}),frozenset({'tropical fruit'}),0.21369933299127758,0.2337095946639302,0.05643919958953309,0.26410564225690275,1.1300590488665279,0.006495615096189358,1.041304906435475,0.14636956844134652
frozenset({'tropical fruit'}),frozenset({'bottled water'}),0.2337095946639302,0.21369933299127758,0.05643919958953309,0.2414928649835346,1.130059048866528,0.006495615096189358,1.0366424133790828,0.15019173996408677
frozenset({'bottled water'}),frozenset({'whole milk'}),0.21369933299127758,0.4581836839404823,0.11236531554643407,0.5258103241296519,1.1475972247801696,0.014451767900866663,1.1426151677913374,0.16356864585428352
frozenset({'whole milk'}),frozenset({'bottled water'}),0.4581836839404823,0.21369933299127758,0.11236531554643407,0.24524076147816348,1.1475972247801696,0.014451767900866663,1.0417900528765418,0.237375899405009
frozenset({'bottled water'}),frozenset({'yogurt'}),0.21369933299127758,0.28296562339661363,0.06644433042585941,0.31092436974789917,1.09880615890962,0.0059747654465420325,1.0405742782414997,0.11436003703540414
frozenset({'yogurt'}),frozenset({'bottled water'}),0.28296562339661363,0.21369933299127758,0.06644433042585941,0.23481414324569358,1.09880615890962,0.0059747654465420325,1.0275943551073707,0.1254073393608278
frozenset({'other vegetables'}),frozenset({'brown bread'}),0.3766033863519754,0.13596716264751155,0.05977424320164187,0.1587193460490463,1.1673358696210991,0.008568549315919202,1.0270447005938892,0.22994754411063423
frozenset({'brown bread'}),frozenset({'other vegetables'}),0.13596716264751155,0.3766033863519754,0.05977424320164187,0.439622641509434,1.1673358696210991,0.008568549315919202,1.11245860347964,0.16590633378528538
frozenset({'rolls/buns'}),frozenset({'brown bread'}),0.3496664956387891,0.13596716264751155,0.05336069779374038,0.15260454878943508,1.1223632663796566,0.005817536508835756,1.0196335561138024,0.16764148080716137
frozenset({'brown bread'}),frozenset({'rolls/buns'}),0.13596716264751155,0.3496664956387891,0.05336069779374038,0.3924528301886792,1.1223632663796563,0.005817536508835756,1.0704247121473345,0.12617908368353745
frozenset({'whole milk'}),frozenset({'brown bread'}),0.4581836839404823,0.13596716264751155,0.06977937403796819,0.1522956326987682,1.1200912759618837,0.00748143856119661,1.0192619864673345,0.1978818516042781
frozenset({'brown bread'}),frozenset({'whole milk'}),0.13596716264751155,0.4581836839404823,0.06977937403796819,0.5132075471698113,1.1200912759618837,0.00748143856119661,1.1130335174866062,0.12408743188486798
frozenset({'other vegetables'}),frozenset({'butter'}),0.3766033863519754,0.12647511544381734,0.05720882503848127,0.15190735694822888,1.2010849439841706,0.009577868273082643,1.0299875747216676,0.26856003986048826
frozenset({'butter'}),frozenset({'other vegetables'}),0.12647511544381734,0.3766033863519754,0.05720882503848127,0.45233265720081134,1.2010849439841706,0.009577868273082643,1.138276038994356,0.19165958791805773
frozenset({'butter'}),frozenset({'whole milk'}),0.12647511544381734,0.4581836839404823,0.06618778860954336,0.5233265720081136,1.142176359287585,0.008238954288697337,1.1366614630525202,0.14250133752233943
frozenset({'whole milk'}),frozenset({'butter'}),0.4581836839404823,0.12647511544381734,0.06618778860954336,0.1444568868980963,1.1421763592875849,0.008238954288697337,1.021017960613444,0.22974292342024893
frozenset({'other vegetables'}),frozenset({'canned beer'}),0.3766033863519754,0.16521292970754234,0.0672139558748076,0.1784741144414169,1.0802672330631102,0.004994207077816275,1.0161421386312834,0.11919077686677333
frozenset({'canned beer'}),frozenset({'other vegetables'}),0.16521292970754234,0.3766033863519754,0.0672139558748076,0.40683229813664595,1.0802672330631102,0.004994207077816275,1.0509618303385546,0.08900847811501512
frozenset({'canned beer'}),frozenset({'rolls/buns'}),0.16521292970754234,0.3496664956387891,0.06670087224217547,0.4037267080745341,1.1546050682865252,0.008931446077121548,1.0906634812724474,0.1604037634154413
frozenset({'rolls/buns'}),frozenset({'canned beer'}),0.3496664956387891,0.16521292970754234,0.06670087224217547,0.19075568598679382,1.1546050682865252,0.008931446077121548,1.0315637142417224,0.205898953117888
frozenset({'canned beer'}),frozenset({'soda'}),0.16521292970754234,0.3134940995382247,0.054643406875320676,0.3307453416149068,1.0550289211251282,0.002850128244582674,1.0257767979057617,0.06248142409053784
frozenset({'soda'}),frozenset({'canned beer'}),0.3134940995382247,0.16521292970754234,0.054643406875320676,0.17430441898527005,1.0550289211251282,0.002850128244582674,1.0110107035652955,0.07597703811308301
frozenset({'canned beer'}),frozenset({'whole milk'}),0.16521292970754234,0.4581836839404823,0.08722421754746024,0.5279503105590062,1.1522678110632734,0.011526348779458531,1.1477950905997678,0.15829928775443783
frozenset({'whole milk'}),frozenset({'canned beer'}),0.4581836839404823,0.16521292970754234,0.08722421754746024,0.19036954087346025,1.1522678110632734,0.011526348779458531,1.0310717202920674,0.24389483065953627
frozenset({'canned beer'}),frozenset({'yogurt'}),0.16521292970754234,0.28296562339661363,0.051821446895844024,0.3136645962732919,1.108490114481679,0.0050718672479683966,1.044728820209459,0.11724184096344482
frozenset({'yogurt'}),frozenset({'canned beer'}),0.28296562339661363,0.16521292970754234,0.051821446895844024,0.1831368993653672,1.108490114481679,0.0050718672479683966,1.0219424401027535,0.13649551001611787
frozenset({'chicken'}),frozenset({'whole milk'}),0.10056439199589533,0.4581836839404823,0.05002565418163161,0.49744897959183676,1.0856977169367188,0.003948690583717537,1.0781319588595482,0.0877587139994443
frozenset({'whole milk'}),frozenset({'chicken'}),0.4581836839404823,0.10056439199589533,0.05002565418163161,0.10918253079507279,1.0856977169367188,0.003948690583717537,1.0096744160247209,0.14568278943278962
frozenset({'other vegetables'}),frozenset({'citrus fruit'}),0.3766033863519754,0.18547973319651104,0.07747562852744998,0.20572207084468666,1.1091350375554476,0.007623332905983021,1.0254852072620255,0.1578393699070668
frozenset({'citrus fruit'}),frozenset({'other vegetables'}),0.18547973319651104,0.3766033863519754,0.07747562852744998,0.41770401106500693,1.1091350375554476,0.007623332905983021,1.0705837331770116,0.12080304531469994
frozenset({'citrus fruit'}),frozenset({'rolls/buns'}),0.18547973319651104,0.3496664956387891,0.07183170856849666,0.38727524204702624,1.107556048055252,0.006975660249655069,1.061379511632405,0.11922497187851518
frozenset({'rolls/buns'}),frozenset({'citrus fruit'}),0.3496664956387891,0.18547973319651104,0.07183170856849666,0.20542920029347028,1.107556048055252,0.006975660249655069,1.0251072240564687,0.14932516201746968
frozenset({'citrus fruit'}),frozenset({'soda'}),0.18547973319651104,0.3134940995382247,0.06516162134427912,0.351313969571231,1.1206398145570038,0.0070148194032487315,1.0583022729933125,0.13216690433380882
frozenset({'soda'}),frozenset({'citrus fruit'}),0.3134940995382247,0.18547973319651104,0.06516162134427912,0.20785597381342064,1.1206398145570036,0.0070148194032487315,1.0282476921837433,0.1568123771524077
frozenset({'citrus fruit'}),frozenset({'whole milk'}),0.18547973319651104,0.4581836839404823,0.09235505387378143,0.4979253112033195,1.0867373253474464,0.007371266421506234,1.0791548113251552,0.09798950131233596
frozenset({'whole milk'}),frozenset({'citrus fruit'}),0.4581836839404823,0.18547973319651104,0.09235505387378143,0.20156774916013437,1.0867373253474464,0.007371266421506234,1.0201495066697275,0.14730902777777777
frozenset({'citrus fruit'}),frozenset({'yogurt'}),0.18547973319651104,0.28296562339661363,0.05823499230374551,0.313969571230982,1.1095678954291641,0.005750603972357188,1.0451932546053395,0.12123486766797315
frozenset({'yogurt'}),frozenset({'citrus fruit'}),0.28296562339661363,0.18547973319651104,0.05823499230374551,0.20580235720761558,1.109567895429164,0.005750603972357188,1.025588874753708,0.1377176045959981
frozenset({'whole milk'}),frozenset({'coffee'}),0.4581836839404823,0.11493073370959467,0.05515649050795279,0.12038073908174692,1.0474199128139496,0.002497103538908134,1.0061958686153176,0.08355796335447477
frozenset({'coffee'}),frozenset({'whole milk'}),0.11493073370959467,0.4581836839404823,0.05515649050795279,0.47991071428571425,1.0474199128139496,0.002497103538908134,1.0417755776595017,0.05115200539265238
frozenset({'other vegetables'}),frozenset({'curd'}),0.3766033863519754,0.12083119548486403,0.05156490507952796,0.1369209809264305,1.1331592009580174,0.006059467682970651,1.018642308625272,0.18850193477059146
frozenset({'curd'}),frozenset({'other vegetables'}),0.12083119548486403,0.3766033863519754,0.05156490507952796,0.4267515923566879,1.1331592009580174,0.006059467682970651,1.0874807593637763,0.1336620080223336
frozenset({'rolls/buns'}),frozenset({'curd'}),0.3496664956387891,0.12083119548486403,0.05002565418163161,0.1430667644900954,1.1840217579243988,0.00777503349259373,1.02594784294018,0.23898649673797634
frozenset({'curd'}),frozenset({'rolls/buns'}),0.12083119548486403,0.3496664956387891,0.05002565418163161,0.4140127388535032,1.1840217579243988,0.00777503349259373,1.1098082628772838,0.176781665955871
frozenset({'whole milk'}),frozenset({'curd'}),0.4581836839404823,0.12083119548486403,0.06362237044638276,0.13885778275475924,1.149188189337689,0.008259488164195188,1.020933345165171,0.23960242546432062
frozenset({'curd'}),frozenset({'whole milk'}),0.12083119548486403,0.4581836839404823,0.06362237044638276,0.5265392781316348,1.149188189337689,0.008259488164195188,1.1443743715875914,0.14766277285691426
frozenset({'other vegetables'}),frozenset({'domestic eggs'}),0.3766033863519754,0.1331452026680349,0.05438686505900462,0.1444141689373297,1.0846366676641832,0.00424393085770261,1.0131710529325835,0.12517276186039283
frozenset({'domestic eggs'}),frozenset({'other vegetables'}),0.1331452026680349,0.3766033863519754,0.05438686505900462,0.40847784200385356,1.0846366676641834,0.00424393085770261,1.0538854804017093,0.09001770089397886
frozenset({'domestic eggs'}),frozenset({'rolls/buns'}),0.1331452026680349,0.3496664956387891,0.052591072344792204,0.394990366088632,1.1296202839423972,0.00603465591674409,1.0749142954250588,0.13237139000570244
frozenset({'rolls/buns'}),frozenset({'domestic eggs'}),0.3496664956387891,0.1331452026680349,0.052591072344792204,0.15040352164343362,1.1296202839423974,0.00603465591674409,1.0203135481549814,0.1764429691634196
frozenset({'domestic eggs'}),frozenset({'whole milk'}),0.1331452026680349,0.4581836839404823,0.07029245767060031,0.5279383429672447,1.152241691425711,0.009287498213157955,1.1477659919791416,0.15242059694592844
frozenset({'whole milk'}),frozenset({'domestic eggs'}),0.4581836839404823,0.1331452026680349,0.07029245767060031,0.15341545352743563,1.1522416914257112,0.009287498213157955,1.0239435635151388,0.2438585213448353
frozenset({'other vegetables'}),frozenset({'frankfurter'}),0.3766033863519754,0.1375064135454079,0.061056952283222166,0.16212534059945505,1.1790383911505145,0.009271571296906408,1.029382589362066,0.24358681744302643
frozenset({'frankfurter'}),frozenset({'other vegetables'}),0.1375064135454079,0.3766033863519754,0.061056952283222166,0.44402985074626866,1.1790383911505145,0.009271571296906408,1.1212771305883933,0.1760606681697068
frozenset({'rolls/buns'}),frozenset({'frankfurter'}),0.3496664956387891,0.1375064135454079,0.05515649050795279,0.15774027879677183,1.147148520055628,0.007075104755671892,1.0240233086564539,0.19724232833356273
frozenset({'frankfurter'}),frozenset({'rolls/buns'}),0.1375064135454079,0.3496664956387891,0.05515649050795279,0.4011194029850746,1.147148520055628,0.007075104755671892,1.0859151350081278,0.14872376630743056
frozenset({'soda'}),frozenset({'frankfurter'}),0.3134940995382247,0.1375064135454079,0.051051821446895844,0.16284779050736498,1.1842923272345312,0.007944372151747446,1.030270931229239,0.22667522966101059
frozenset({'frankfurter'}),frozenset({'soda'}),0.1375064135454079,0.3134940995382247,0.051051821446895844,0.3712686567164179,1.1842923272345312,0.007944372151747446,1.091890690348699,0.180423234554689
frozenset({'frankfurter'}),frozenset({'whole milk'}),0.1375064135454079,0.4581836839404823,0.06798358132375577,0.4944029850746269,1.0790497401012853,0.004980386200077347,1.0716366989221457,0.08493821063383211
frozenset({'whole milk'}),frozenset({'frankfurter'}),0.4581836839404823,0.1375064135454079,0.06798358132375577,0.14837625979843225,1.0790497401012853,0.004980386200077347,1.012763672194544,0.13520940537449977
frozenset({'frozen vegetables'}),frozenset({'whole milk'}),0.10261672652642381,0.4581836839404823,0.05515649050795279,0.5375,1.1731103023516236,0.008139180714162919,1.1714947374259843,0.16443948036751888
frozenset({'whole milk'}),frozenset({'frozen vegetables'}),0.4581836839404823,0.10261672652642381,0.05515649050795279,0.12038073908174692,1.1731103023516236,0.008139180714162919,1.020195115483009,0.2723528893587031
frozenset({'other vegetables'}),frozenset({'fruit/vegetable juice'}),0.3766033863519754,0.12493586454592098,0.052591072344792204,0.1396457765667575,1.1177397064829995,0.005539802679986661,1.0170975066085415,0.16897320084311956
frozenset({'fruit/vegetable juice'}),frozenset({'other vegetables'}),0.12493586454592098,0.3766033863519754,0.052591072344792204,0.4209445585215606,1.1177397064829995,0.005539802679986661,1.076575003002085,0.12037668661647044
frozenset({'fruit/vegetable juice'}),frozenset({'rolls/buns'}),0.12493586454592098,0.3496664956387891,0.05361723961005644,0.4291581108829569,1.2273355218061381,0.009931353674681814,1.1392532972083085,0.2116723406822005
frozenset({'rolls/buns'}),frozenset({'fruit/vegetable juice'}),0.3496664956387891,0.12493586454592098,0.05361723961005644,0.15333822450476892,1.2273355218061381,0.009931353674681814,1.0335462882356237,0.2848182856280023
frozenset({'fruit/vegetable juice'}),frozenset({'whole milk'}),0.12493586454592098,0.4581836839404823,0.062339661364802464,0.4989733059548255,1.089024606165683,0.005096086690863297,1.0814120734466603,0.09341841271220083
frozenset({'whole milk'}),frozenset({'fruit/vegetable juice'}),0.4581836839404823,0.12493586454592098,0.062339661364802464,0.1360582306830907,1.0890246061656828,0.005096086690863297,1.0128739766176182,0.15087604439456298
frozenset({'other vegetables'}),frozenset({'margarine'}),0.3766033863519754,0.11698306824012314,0.05002565418163161,0.13283378746594005,1.135495841101391,0.005969434536557017,1.0182787555565587,0.19141500474833822
frozenset({'margarine'}),frozenset({'other vegetables'}),0.11698306824012314,0.3766033863519754,0.05002565418163161,0.4276315789473684,1.1354958411013911,0.005969434536557017,1.0891527043045948,0.13513610155097674
frozenset({'whole milk'}),frozenset({'margarine'}),0.4581836839404823,0.11698306824012314,0.059517701385325805,0.12989921612541994,1.1104104045107168,0.005917968220405349,1.014844427363668,0.18351619644723077
frozenset({'margarine'}),frozenset({'whole milk'}),0.11698306824012314,0.4581836839404823,0.059517701385325805,0.5087719298245614,1.1104104045107168,0.005917968220405349,1.1029832148354468,0.11260494099260646
frozenset({'rolls/buns'}),frozenset({'newspapers'}),0.3496664956387891,0.13981528989225245,0.05720882503848127,0.1636096845194424,1.170184495884012,0.00832010258513595,1.028448912172684,0.22362972200847334
frozenset({'newspapers'}),frozenset({'rolls/buns'}),0.13981528989225245,0.3496664956387891,0.05720882503848127,0.40917431192660547,1.170184495884012,0.00832010258513595,1.1007197511703724,0.1690728736330092
frozenset({'whole milk'}),frozenset({'newspapers'}),0.4581836839404823,0.13981528989225245,0.07234479220112879,0.15789473684210525,1.1293095123128922,0.008283707607090074,1.0214693432529502,0.21133207070707044
frozenset({'newspapers'}),frozenset({'whole milk'}),0.13981528989225245,0.4581836839404823,0.07234479220112879,0.5174311926605504,1.129309512312892,0.008283707607090074,1.1227752557126887,0.13311462372005153
frozenset({'other vegetables'}),frozenset({'pastry'}),0.3766033863519754,0.1775269368907132,0.0715751667521806,0.19005449591280654,1.0705670882487281,0.004717921150444587,1.0154671628632743,0.10573624201660817
frozenset({'pastry'}),frozenset({'other vegetables'}),0.1775269368907132,0.3766033863519754,0.0715751667521806,0.4031791907514451,1.0705670882487281,0.004717921150444587,1.044528950712913,0.08014319029955017
frozenset({'other vegetables'}),frozenset({'pip fruit'}),0.3766033863519754,0.17060030785017957,0.07234479220112879,0.19209809264305178,1.1260125791317532,0.008096138552061663,1.0266093997267591,0.1795172635204155
frozenset({'pip fruit'}),frozenset({'other vegetables'}),0.17060030785017957,0.3766033863519754,0.07234479220112879,0.42406015037593986,1.126012579131753,0.008096138552061663,1.0823988200416093,0.13492946190987
frozenset({'other vegetables'}),frozenset({'pork'}),0.3766033863519754,0.13237557721908672,0.05566957414058492,0.14782016348773844,1.1166724753395434,0.005816483489579451,1.0181236232153323,0.16760160057651088
frozenset({'pork'}),frozenset({'other vegetables'}),0.13237557721908672,0.3766033863519754,0.05566957414058492,0.42054263565891475,1.1166724753395434,0.005816483489579451,1.0758282697069592,0.12042338539353088
frozenset({'other vegetables'}),frozenset({'rolls/buns'}),0.3766033863519754,0.3496664956387891,0.14674191893278604,0.3896457765667575,1.1143354637250336,0.01505633258138983,1.065501768306091,0.16458890903335344
frozenset({'rolls/buns'}),frozenset({'other vegetables'}),0.3496664956387891,0.3766033863519754,0.14674191893278604,0.41966250917094644,1.1143354637250336,0.01505633258138983,1.074196693302475,0.15777161694321457
frozenset({'other vegetables'}),frozenset({'root vegetables'}),0.3766033863519754,0.23063109286813752,0.09415084658799384,0.25,1.0839822024471635,0.007294396015796345,1.02582520950915,0.12427983539094654
frozenset({'root vegetables'}),frozenset({'other vegetables'}),0.23063109286813752,0.3766033863519754,0.09415084658799384,0.4082313681868743,1.0839822024471635,0.007294396015796345,1.0534465332134855,0.1007002334111371
frozenset({'other vegetables'}),frozenset({'sausage'}),0.3766033863519754,0.2060030785017958,0.09286813750641354,0.24659400544959126,1.1970403900902946,0.015286680543705425,1.053876564881884,0.2640474728872518
frozenset({'sausage'}),frozenset({'other vegetables'}),0.2060030785017958,0.3766033863519754,0.09286813750641354,0.4508094645080946,1.1970403900902948,0.015286680543705425,1.1351190039894872,0.2073135247547728
frozenset({'shopping bags'}),frozenset({'other vegetables'}),0.16829143150333503,0.3766033863519754,0.07311441765007697,0.4344512195121952,1.1536041237455972,0.009735294651899484,1.102286195560928,0.1600939424440189
frozenset({'other vegetables'}),frozenset({'shopping bags'}),0.3766033863519754,0.16829143150333503,0.07311441765007697,0.194141689373297,1.1536041237455972,0.009735294651899484,1.0320779193179241,0.2135903544870408
frozenset({'other vegetables'}),frozenset({'soda'}),0.3766033863519754,0.3134940995382247,0.1241662390969728,0.329700272479564,1.0516953045215554,0.00610329960951414,1.024177501908421,0.07884909703091529
frozenset({'soda'}),frozenset({'other vegetables'}),0.3134940995382247,0.3766033863519754,0.1241662390969728,0.3960720130932897,1.0516953045215554,0.00610329960951414,1.032236669211228,0.07160063743838721
frozenset({'other vegetables'}),frozenset({'tropical fruit'}),0.3766033863519754,0.2337095946639302,0.09132888660851719,0.24250681198910082,1.037641660958853,0.003313061835133524,1.0116135926558907,0.05819114995144975
frozenset({'tropical fruit'}),frozenset({'other vegetables'}),0.2337095946639302,0.3766033863519754,0.09132888660851719,0.39077936333699237,1.037641660958853,0.003313061835133524,1.0232690360961272,0.04733997133646566
frozenset({'other vegetables'}),frozenset({'whipped/sour cream'}),0.3766033863519754,0.15469471523858389,0.06695741405849154,0.17779291553133517,1.1493147342307537,0.00869886044888632,1.0280929229741167,0.20840073790265373
frozenset({'whipped/sour cream'}),frozenset({'other vegetables'}),0.15469471523858389,0.3766033863519754,0.06695741405849154,0.4328358208955224,1.1493147342307537,0.00869886044888632,1.0991466609057279,0.15369159123018167
frozenset({'other vegetables'}),frozenset({'whole milk'}),0.3766033863519754,0.4581836839404823,0.1913801949717804,0.5081743869209809,1.1091062487222754,0.01882666802857158,1.1016431467802936,0.15780182923465622
frozenset({'whole milk'}),frozenset({'other vegetables'}),0.4581836839404823,0.3766033863519754,0.1913801949717804,0.4176931690929451,1.1091062487222754,0.01882666802857158,1.0705637999763191,0.1815617637501016
frozenset({'other vegetables'}),frozenset({'yogurt'}),0.3766033863519754,0.28296562339661363,0.12031811185223192,0.3194822888283379,1.1290498294223583,0.013752299859869463,1.05366012497875,0.18334956610246825
frozenset({'yogurt'}),frozenset({'other vegetables'}),0.28296562339661363,0.3766033863519754,0.12031811185223192,0.4252039891205803,1.1290498294223583,0.013752299859869463,1.0845527836810274,0.15940588394597419
frozenset({'rolls/buns'}),frozenset({'pastry'}),0.3496664956387891,0.1775269368907132,0.06952283222165213,0.19882611885546592,1.1199771839575232,0.007447610317587984,1.0265849679651629,0.16472266497812926
frozenset({'pastry'}),frozenset({'rolls/buns'}),0.1775269368907132,0.3496664956387891,0.06952283222165213,0.3916184971098266,1.1199771839575232,0.007447610317587984,1.0689567340094013,0.13024702299424756
frozenset({'soda'}),frozenset({'pastry'}),0.3134940995382247,0.1775269368907132,0.06310928681375064,0.20130932896890344,1.1339649773421756,0.007455639589417258,1.029776724507734,0.1720867208672086
frozenset({'pastry'}),frozenset({'soda'}),0.1775269368907132,0.3134940995382247,0.06310928681375064,0.35549132947976875,1.1339649773421756,0.007455639589417258,1.0651616213442792,0.14363819870263575
frozenset({'whole milk'}),frozenset({'pastry'}),0.4581836839404823,0.1775269368907132,0.09107234479220112,0.19876819708846583,1.119650913657283,0.00973239884894464,1.0265107552153643,0.197233781476739
frozenset({'pastry'}),frozenset({'whole milk'}),0.1775269368907132,0.4581836839404823,0.09107234479220112,0.5130057803468208,1.119650913657283,0.00973239884894464,1.11257237600352,0.12993067575760225
frozenset({'yogurt'}),frozenset({'pastry'}),0.28296562339661363,0.1775269368907132,0.05797845048742945,0.20489573889392568,1.154167037873587,0.007744430120457509,1.0344216517782707,0.18628714360346388
frozenset({'pastry'}),frozenset({'yogurt'}),0.1775269368907132,0.28296562339661363,0.05797845048742945,0.3265895953757225,1.154167037873587,0.007744430120457509,1.064780662252239,0.16240566636671294
frozenset({'rolls/buns'}),frozenset({'pip fruit'}),0.3496664956387891,0.17060030785017957,0.0672139558748076,0.1922230374174615,1.126744962185361,0.007560744073936698,1.0267681929157177,0.1729692699158349
frozenset({'pip fruit'}),frozenset({'rolls/buns'}),0.17060030785017957,0.3496664956387891,0.0672139558748076,0.39398496240601505,1.1267449621853607,0.007560744073936698,1.0731309687350004,0.13562545599648668
frozenset({'soda'}),frozenset({'pip fruit'}),0.3134940995382247,0.17060030785017957,0.06054386865059005,0.19312602291325698,1.132037950850941,0.007061678760154073,1.0279172655244226,0.16990005320361798
frozenset({'pip fruit'}),frozenset({'soda'}),0.17060030785017957,0.3134940995382247,0.06054386865059005,0.3548872180451128,1.1320379508509408,0.007061678760154073,1.0641641580584629,0.14062868616544438
frozenset({'whole milk'}),frozenset({'pip fruit'}),0.4581836839404823,0.17060030785017957,0.08696767573114418,0.18980963045912655,1.1125984053077824,0.008801398198968524,1.023709640759903,0.1867848842406366
frozenset({'pip fruit'}),frozenset({'whole milk'}),0.17060030785017957,0.4581836839404823,0.08696767573114418,0.5097744360902257,1.1125984053077824,0.008801398198968524,1.1052388042318386,0.12201969548908895
frozenset({'yogurt'}),frozenset({'pip fruit'}),0.28296562339661363,0.17060030785017957,0.056695741405849154,0.20036264732547598,1.174456540262715,0.008421718943368892,1.0372197964186531,0.20716211075045135
frozenset({'pip fruit'}),frozenset({'yogurt'}),0.17060030785017957,0.28296562339661363,0.056695741405849154,0.3323308270676692,1.174456540262715,0.008421718943368892,1.0739366226154325,0.17909622627513502
frozenset({'pork'}),frozenset({'whole milk'}),0.13237557721908672,0.4581836839404823,0.06695741405849154,0.5058139534883721,1.103954530065887,0.006305084424502602,1.0963812513204358,0.10853266447793256
frozenset({'whole milk'}),frozenset({'pork'}),0.4581836839404823,0.13237557721908672,0.06695741405849154,0.14613661814109744,1.1039545300658873,0.006305084424502602,1.0161162092371878,0.17379615116684088
frozenset({'root vegetables'}),frozenset({'rolls/buns'}),0.23063109286813752,0.3496664956387891,0.09081580297588507,0.39377085650723026,1.12613264759001,0.010171836947339294,1.0727519640747312,0.14558054191321776
frozenset({'rolls/buns'}),frozenset({'root vegetables'}),0.3496664956387891,0.23063109286813752,0.09081580297588507,0.25972120322817316,1.12613264759001,0.010171836947339294,1.039296155025499,0.1722272367643945
frozenset({'sausage'}),frozenset({'rolls/buns'}),0.2060030785017958,0.3496664956387891,0.0823499230374551,0.3997509339975093,1.1432348794734346,0.010317548486929784,1.08343942739015,0.15779545946381196
frozenset({'rolls/buns'}),frozenset({'sausage'}),0.3496664956387891,0.2060030785017958,0.0823499230374551,0.235509904622157,1.1432348794734346,0.010317548486929784,1.038596740884887,0.19265362802386513
frozenset({'shopping bags'}),frozenset({'rolls/buns'}),0.16829143150333503,0.3496664956387891,0.06875320677270395,0.4085365853658537,1.16836068213947,0.00990733167289748,1.0995329352086451,0.17325770898745033
frozenset({'rolls/buns'}),frozenset({'shopping bags'}),0.3496664956387891,0.16829143150333503,0.06875320677270395,0.19662509170946443,1.16836068213947,0.00990733167289748,1.0352682911972186,0.22157849804233293
frozenset({'soda'}),frozenset({'rolls/buns'}),0.3134940995382247,0.3496664956387891,0.11980502821959979,0.3821603927986907,1.092928254680335,0.01018664503063102,1.0525927712972183,0.12385451775317446
frozenset({'rolls/buns'}),frozenset({'soda'}),0.3496664956387891,0.3134940995382247,0.11980502821959979,0.3426265590608951,1.092928254680335,0.01018664503063102,1.0443164534926337,0.1307434672613392
frozenset({'rolls/buns'}),frozenset({'tropical fruit'}),0.3496664956387891,0.2337095946639302,0.08825038481272447,0.25238444607483496,1.0799062248075815,0.006529969849426151,1.024979217343536,0.11377803770469257
frozenset({'tropical fruit'}),frozenset({'rolls/buns'}),0.2337095946639302,0.3496664956387891,0.08825038481272447,0.37760702524698136,1.0799062248075815,0.006529969849426151,1.0448921031270955,0.09656087230712947
frozenset({'rolls/buns'}),frozenset({'whipped/sour cream'}),0.3496664956387891,0.15469471523858389,0.05849153412006157,0.16727806309611154,1.0813431010756929,0.004399975148745558,1.0151111040791279,0.11567009239074036
frozenset({'whipped/sour cream'}),frozenset({'rolls/buns'}),0.15469471523858389,0.3496664956387891,0.05849153412006157,0.3781094527363184,1.0813431010756929,0.004399975148745558,1.0457362750128272,0.08899049596677595
frozenset({'rolls/buns'}),frozenset({'whole milk'}),0.3496664956387891,0.4581836839404823,0.17855310415597742,0.5106382978723404,1.1144838102499344,0.018341621033638428,1.1071898632520578,0.1579552925706771
frozenset({'whole milk'}),frozenset({'rolls/buns'}),0.4581836839404823,0.3496664956387891,0.17855310415597742,0.38969764837625975,1.1144838102499344,0.018341621033638428,1.0655923291643326,0.18959122474747464
frozenset({'yogurt'}),frozenset({'rolls/buns'}),0.28296562339661363,0.3496664956387891,0.11133914828116984,0.3934723481414325,1.1252789530853293,0.012395550361830598,1.072223998969231,0.1552665638937209
frozenset({'rolls/buns'}),frozenset({'yogurt'}),0.3496664956387891,0.28296562339661363,0.11133914828116984,0.318415260454879,1.1252789530853295,0.012395550361830598,1.0520106085149794,0.1711913396776923
frozenset({'sausage'}),frozenset({'root vegetables'}),0.2060030785017958,0.23063109286813752,0.056182657773217036,0.2727272727272727,1.1825260390332692,0.008671942644147147,1.0578822473063108,0.19439956919763057
frozenset({'root vegetables'}),frozenset({'sausage'}),0.23063109286813752,0.2060030785017958,0.056182657773217036,0.2436040044493882,1.1825260390332692,0.008671942644147147,1.0497106359218906,0.20062242969878846
frozenset({'root vegetables'}),frozenset({'soda'}),0.23063109286813752,0.3134940995382247,0.08132375577219086,0.3526140155728587,1.1247867698060583,0.009022268987977408,1.0604274991669003,0.14419948605371075
frozenset({'soda'}),frozenset({'root vegetables'}),0.3134940995382247,0.23063109286813752,0.08132375577219086,0.25941080196399346,1.1247867698060583,0.009022268987977408,1.0388605574752883,0.16160473044659135
frozenset({'root vegetables'}),frozenset({'tropical fruit'}),0.23063109286813752,0.2337095946639302,0.057465366854797334,0.24916573971078976,1.0661339773794276,0.003564667623685673,1.0205852954031507,0.08062657790692149
frozenset({'tropical fruit'}),frozenset({'root vegetables'}),0.2337095946639302,0.23063109286813752,0.057465366854797334,0.2458836443468716,1.0661339773794276,0.003564667623685673,1.020225726924493,0.08095048782820809
frozenset({'root vegetables'}),frozenset({'whole milk'}),0.23063109286813752,0.4581836839404823,0.11313494099538225,0.4905450500556173,1.0706296781169071,0.0074635372338395095,1.0635215461517609,0.08574589110958375
frozenset({'whole milk'}),frozenset({'root vegetables'}),0.4581836839404823,0.23063109286813752,0.11313494099538225,0.24692049272116462,1.0706296781169073,0.0074635372338395095,1.0216303852323467,0.1217575414003985
frozenset({'yogurt'}),frozenset({'root vegetables'}),0.28296562339661363,0.23063109286813752,0.0715751667521806,0.2529465095194923,1.0967580579610468,0.006314495784105784,1.029871243405879,0.12303716954879751
frozenset({'root vegetables'}),frozenset({'yogurt'}),0.23063109286813752,0.28296562339661363,0.0715751667521806,0.3103448275862069,1.0967580579610468,0.006314495784105784,1.0396998460749103,0.11466785224704538
frozenset({'sausage'}),frozenset({'soda'}),0.2060030785017958,0.3134940995382247,0.07721908671113391,0.3748443337484433,1.195698210271221,0.01263833711411122,1.098135932411963,0.20613249319715113
frozenset({'soda'}),frozenset({'sausage'}),0.3134940995382247,0.2060030785017958,0.07721908671113391,0.24631751227495907,1.195698210271221,0.01263833711411122,1.0534899436165097,0.23840809657891732
frozenset({'sausage'}),frozenset({'tropical fruit'}),0.2060030785017958,0.2337095946639302,0.054643406875320676,0.2652552926525529,1.1349781896373778,0.006498510899144182,1.0429342296353625,0.14978118576835264
frozenset({'tropical fruit'}),frozenset({'sausage'}),0.2337095946639302,0.2060030785017958,0.054643406875320676,0.23380900109769484,1.1349781896373778,0.006498510899144182,1.0362911110098338,0.15519677601374338
frozenset({'sausage'}),frozenset({'whole milk'}),0.2060030785017958,0.4581836839404823,0.10697793740379682,0.5193026151930261,1.1333939496206136,0.012590687992763652,1.1271463777093076,0.14823010735192135
frozenset({'whole milk'}),frozenset({'sausage'}),0.4581836839404823,0.2060030785017958,0.10697793740379682,0.23348264277715566,1.1333939496206136,0.012590687992763652,1.0358498917427266,0.2172216772036916
frozenset({'sausage'}),frozenset({'yogurt'}),0.2060030785017958,0.28296562339661363,0.07542329399692149,0.3661270236612702,1.2938922377439994,0.01713150446703931,1.1311956864686035,0.28606925807479694
frozenset({'yogurt'}),frozenset({'sausage'}),0.28296562339661363,0.2060030785017958,0.07542329399692149,0.2665457842248413,1.2938922377439992,0.01713150446703931,1.0825446284456357,0.31677436627602734
frozenset({'shopping bags'}),frozenset({'soda'}),0.16829143150333503,0.3134940995382247,0.064648537711647,0.38414634146341464,1.2253702447008104,0.01189016693251016,1.114722452234962,0.2211352976312879
frozenset({'soda'}),frozenset({'shopping bags'}),0.3134940995382247,0.16829143150333503,0.064648537711647,0.20621931260229134,1.2253702447008106,0.01189016693251016,1.047781310003015,0.2679075616295349
frozenset({'shopping bags'}),frozenset({'whole milk'}),0.16829143150333503,0.4581836839404823,0.09132888660851719,0.5426829268292683,1.1844221997651108,0.014220498546701807,1.184771677783479,0.18721277613347298
frozenset({'whole milk'}),frozenset({'shopping bags'}),0.4581836839404823,0.16829143150333503,0.09132888660851719,0.19932810750279956,1.1844221997651108,0.014220498546701807,1.038763289045485,0.2873787027579164
frozenset({'shopping bags'}),frozenset({'yogurt'}),0.16829143150333503,0.28296562339661363,0.05489994869163674,0.32621951219512196,1.152859164584393,0.007279258863987038,1.0641958168593246,0.15942045696956433
frozenset({'yogurt'}),frozenset({'shopping bags'}),0.28296562339661363,0.16829143150333503,0.05489994869163674,0.19401631912964643,1.152859164584393,0.007279258863987038,1.0319173802607666,0.18491632253857873
frozenset({'soda'}),frozenset({'tropical fruit'}),0.3134940995382247,0.2337095946639302,0.08183683940482299,0.2610474631751228,1.1169736678997022,0.008570260472210697,1.036995432248812,0.15254602621233218
frozenset({'tropical fruit'}),frozenset({'soda'}),0.2337095946639302,0.3134940995382247,0.08183683940482299,0.3501646542261252,1.1169736678997022,0.008570260472210697,1.0564305326362793,0.13666326285376665
frozenset({'soda'}),frozenset({'whole milk'}),0.3134940995382247,0.4581836839404823,0.15110312981015905,0.48199672667757776,1.0519726990980953,0.007465248390130991,1.0459708344782475,0.071965861420512
frozenset({'whole milk'}),frozenset({'soda'}),0.4581836839404823,0.3134940995382247,0.15110312981015905,0.32978723404255317,1.051972699098095,0.007465248390130991,1.0243103911651885,0.09118401759530782
frozenset({'yogurt'}),frozenset({'soda'}),0.28296562339661363,0.3134940995382247,0.09748589020010262,0.3445149592021759,1.098951972970607,0.00877783689310882,1.0473250459326946,0.12557574616326167
frozenset({'soda'}),frozenset({'yogurt'}),0.3134940995382247,0.28296562339661363,0.09748589020010262,0.3109656301145663,1.098951972970607,0.00877783689310882,1.0406365893222544,0.13116001888128415
frozenset({'whole milk'}),frozenset({'tropical fruit'}),0.4581836839404823,0.2337095946639302,0.11646998460749101,0.2541993281075028,1.0876717683458244,0.009388061552134577,1.0274734714190845,0.14876810505940444
frozenset({'tropical fruit'}),frozenset({'whole milk'}),0.2337095946639302,0.4581836839404823,0.11646998460749101,0.4983534577387486,1.0876717683458241,0.009388061552134577,1.080075851050811,0.1051885630684507
frozenset({'yogurt'}),frozenset({'tropical fruit'}),0.28296562339661363,0.2337095946639302,0.07567983581323756,0.2674524025385313,1.144379215252684,0.009548054665388661,1.0460622736208973,0.17595221491161592
frozenset({'tropical fruit'}),frozenset({'yogurt'}),0.2337095946639302,0.28296562339661363,0.07567983581323756,0.32381997804610324,1.1443792152526842,0.009548054665388661,1.06041934591832,0.1646422633672469
frozenset({'whole milk'}),frozenset({'whipped/sour cream'}),0.4581836839404823,0.15469471523858389,0.0797845048742945,0.17413213885778273,1.1256502110574413,0.008905910360156269,1.0235357549721282,0.2060191951671049
frozenset({'whipped/sour cream'}),frozenset({'whole milk'}),0.15469471523858389,0.4581836839404823,0.0797845048742945,0.5157545605306799,1.1256502110574413,0.008905910360156269,1.1188878033694836,0.1320523642467149
frozenset({'yogurt'}),frozenset({'whole milk'}),0.28296562339661363,0.4581836839404823,0.15059004617752694,0.5321849501359928,1.1615100423460805,0.020939814421151365,1.1581848771582328,0.19392624332206754
frozenset({'whole milk'}),frozenset({'yogurt'}),0.4581836839404823,0.28296562339661363,0.15059004617752694,0.32866741321388576,1.1615100423460805,0.020939814421151365,1.068076227367513,0.2566400805327551
"frozenset({'other vegetables', 'bottled water'})",frozenset({'whole milk'}),0.09389430477167779,0.4581836839404823,0.056182657773217036,0.5983606557377049,1.305940557707488,0.013161819311899303,1.3490120522298197,0.2585441908810252
"frozenset({'other vegetables', 'whole milk'})",frozenset({'bottled water'}),0.1913801949717804,0.21369933299127758,0.056182657773217036,0.2935656836461126,1.373732334756959,0.015284837760006907,1.113055593147072,0.3364450779964305
"frozenset({'bottled water', 'whole milk'})",frozenset({'other vegetables'}),0.11236531554643407,0.3766033863519754,0.056182657773217036,0.5,1.3276566757493187,0.013865499429921699,1.2467932272960494,0.2780346820809248
frozenset({'other vegetables'}),"frozenset({'bottled water', 'whole milk'})",0.3766033863519754,0.11236531554643407,0.056182657773217036,0.14918256130790192,1.327656675749319,0.013865499429921699,1.0432727916555924,0.39588477366255137
frozenset({'bottled water'}),"frozenset({'other vegetables', 'whole milk'})",0.21369933299127758,0.1913801949717804,0.056182657773217036,0.26290516206482595,1.3737323347569592,0.015284837760006907,1.0970363152907279,0.34599506879110886
frozenset({'whole milk'}),"frozenset({'other vegetables', 'bottled water'})",0.4581836839404823,0.09389430477167779,0.056182657773217036,0.12262038073908174,1.305940557707488,0.013161819311899303,1.0327407604835888,0.43237598588625986
"frozenset({'other vegetables', 'rolls/buns'})",frozenset({'soda'}),0.14674191893278604,0.3134940995382247,0.052591072344792204,0.35839160839160844,1.1432164398612845,0.006588346604447279,1.0699764988123583,0.14681958846046692
"frozenset({'other vegetables', 'soda'})",frozenset({'rolls/buns'}),0.1241662390969728,0.3496664956387891,0.052591072344792204,0.4235537190082645,1.211307701169637,0.009174298643105719,1.1281771186767962,0.199176990012431
"frozenset({'soda', 'rolls/buns'})",frozenset({'other vegetables'}),0.11980502821959979,0.3766033863519754,0.052591072344792204,0.4389721627408994,1.165608644662143,0.00747209301529695,1.1111687731817843,0.1614177762296423
frozenset({'other vegetables'}),"frozenset({'soda', 'rolls/buns'})",0.3766033863519754,0.11980502821959979,0.052591072344792204,0.1396457765667575,1.165608644662143,0.00747209301529695,1.023061139013165,0.22791127170530967
frozenset({'rolls/buns'}),"frozenset({'other vegetables', 'soda'})",0.3496664956387891,0.1241662390969728,0.052591072344792204,0.15040352164343362,1.211307701169637,0.009174298643105719,1.0308820519091764,0.2682407273776882
frozenset({'soda'}),"frozenset({'other vegetables', 'rolls/buns'})",0.3134940995382247,0.14674191893278604,0.052591072344792204,0.16775777414075288,1.1432164398612845,0.006588346604447279,1.0252520895419228,0.1824820445513875
"frozenset({'other vegetables', 'rolls/buns'})",frozenset({'whole milk'}),0.14674191893278604,0.4581836839404823,0.08209338122113904,0.5594405594405595,1.2209962489917698,0.01485862821601952,1.2298370348652548,0.2121241731809981
"frozenset({'other vegetables', 'whole milk'})",frozenset({'rolls/buns'}),0.1913801949717804,0.3496664956387891,0.08209338122113904,0.42895442359249325,1.2267530030546874,0.015174139110688378,1.1388469348672847,0.22858700824873088
"frozenset({'rolls/buns', 'whole milk'})",frozenset({'other vegetables'}),0.17855310415597742,0.3766033863519754,0.08209338122113904,0.45977011494252873,1.2208337248269598,0.014849677552340984,1.1539469231357053,0.2202061211742661
frozenset({'other vegetables'}),"frozenset({'rolls/buns', 'whole milk'})",0.3766033863519754,0.17855310415597742,0.08209338122113904,0.21798365122615804,1.2208337248269598,0.014849677552340984,1.0504216403301614,0.290164609053498
frozenset({'rolls/buns'}),"frozenset({'other vegetables', 'whole milk'})",0.3496664956387891,0.1913801949717804,0.08209338122113904,0.2347762289068232,1.2267530030546874,0.015174139110688378,1.0567102533590251,0.284223372781065
frozenset({'whole milk'}),"frozenset({'other vegetables', 'rolls/buns'})",0.4581836839404823,0.14674191893278604,0.08209338122113904,0.1791713325867861,1.2209962489917696,0.01485862821601952,1.0395081396903438,0.33405539772727255
"frozenset({'other vegetables', 'yogurt'})",frozenset({'rolls/buns'}),0.12031811185223192,0.3496664956387891,0.05233453052847614,0.43496801705756927,1.243951086199857,0.01026331799523035,1.150967598284558,0.222932713476175
"frozenset({'other vegetables', 'rolls/buns'})",frozenset({'yogurt'}),0.14674191893278604,0.28296562339661363,0.05233453052847614,0.35664335664335667,1.2603769756988255,0.010811611959245002,1.1145208245030898,0.24211500595427604
"frozenset({'rolls/buns', 'yogurt'})",frozenset({'other vegetables'}),0.11133914828116984,0.3766033863519754,0.05233453052847614,0.4700460829493087,1.2481196398749355,0.010403830252242861,1.176322305753229,0.22370148983380875
frozenset({'other vegetables'}),"frozenset({'rolls/buns', 'yogurt'})",0.3766033863519754,0.11133914828116984,0.05233453052847614,0.13896457765667575,1.2481196398749355,0.010403830252242861,1.0320839638633248,0.31888969579601373
frozenset({'yogurt'}),"frozenset({'other vegetables', 'rolls/buns'})",0.28296562339661363,0.14674191893278604,0.05233453052847614,0.18495013599274707,1.2603769756988252,0.010811611959245002,1.0468783797743457,0.2881125258690239
frozenset({'rolls/buns'}),"frozenset({'other vegetables', 'yogurt'})",0.3496664956387891,0.12031811185223192,0.05233453052847614,0.1496698459280998,1.243951086199857,0.01026331799523035,1.0345180444740363,0.3015527710097846
"frozenset({'other vegetables', 'sausage'})",frozenset({'whole milk'}),0.09286813750641354,0.4581836839404823,0.050282195997947664,0.5414364640883979,1.1817017564482502,0.007731530634567829,1.181551243455093,0.16950434019761745
"frozenset({'other vegetables', 'whole milk'})",frozenset({'sausage'}),0.1913801949717804,0.2060030785017958,0.050282195997947664,0.2627345844504021,1.2753915444429231,0.010857286669486994,1.076948551704837,0.26703162229358723
"frozenset({'sausage', 'whole milk'})",frozenset({'other vegetables'}),0.10697793740379682,0.3766033863519754,0.050282195997947664,0.4700239808153477,1.2480609517835322,0.00999394250672813,1.1762732483765894,0.22256682046561793
frozenset({'other vegetables'}),"frozenset({'sausage', 'whole milk'})",0.3766033863519754,0.10697793740379682,0.050282195997947664,0.1335149863760218,1.2480609517835322,0.00999394250672813,1.0306260911094547,0.31882926009910123
frozenset({'sausage'}),"frozenset({'other vegetables', 'whole milk'})",0.2060030785017958,0.1913801949717804,0.050282195997947664,0.2440846824408468,1.2753915444429234,0.010857286669486994,1.0697227404244816,0.27194949062015733
frozenset({'whole milk'}),"frozenset({'other vegetables', 'sausage'})",0.4581836839404823,0.09286813750641354,0.050282195997947664,0.10974244120940649,1.1817017564482502,0.007731530634567829,1.0189544065493996,0.2837913574520716
"frozenset({'other vegetables', 'soda'})",frozenset({'whole milk'}),0.1241662390969728,0.4581836839404823,0.06926629040533606,0.5578512396694215,1.2175275096480431,0.012375345554850321,1.2254163409944234,0.20399227581418555
"frozenset({'other vegetables', 'whole milk'})",frozenset({'soda'}),0.1913801949717804,0.3134940995382247,0.06926629040533606,0.3619302949061662,1.1545043285959378,0.009269728513207884,1.0759105078665638,0.16550103402895272
"frozenset({'soda', 'whole milk'})",frozenset({'other vegetables'}),0.15110312981015905,0.3766033863519754,0.06926629040533606,0.45840407470288624,1.2172064599399528,0.012360340030448044,1.1510363806855377,0.21021008920676482
frozenset({'other vegetables'}),"frozenset({'soda', 'whole milk'})",0.3766033863519754,0.15110312981015905,0.06926629040533606,0.18392370572207084,1.2172064599399528,0.012360340030448044,1.040217533755164,0.28624904740131063
frozenset({'soda'}),"frozenset({'other vegetables', 'whole milk'})",0.3134940995382247,0.1913801949717804,0.06926629040533606,0.220949263502455,1.1545043285959378,0.009269728513207884,1.037955253933282,0.19493993245861696
frozenset({'whole milk'}),"frozenset({'other vegetables', 'soda'})",0.4581836839404823,0.1241662390969728,0.06926629040533606,0.15117581187010076,1.217527509648043,0.012375345554850321,1.0318199848105585,0.3297488776655442
"frozenset({'other vegetables', 'whole milk'})",frozenset({'tropical fruit'}),0.1913801949717804,0.2337095946639302,0.050538737814263726,0.2640750670241287,1.1299282231175123,0.005811350020704993,1.041261643680707,0.14220283954752766
"frozenset({'other vegetables', 'tropical fruit'})",frozenset({'whole milk'}),0.09132888660851719,0.4581836839404823,0.050538737814263726,0.5533707865168539,1.2077487826666833,0.008693332097790739,1.2131233240074737,0.18930198029734557
"frozenset({'whole milk', 'tropical fruit'})",frozenset({'other vegetables'}),0.11646998460749101,0.3766033863519754,0.050538737814263726,0.433920704845815,1.1521954410687922,0.006675747202720163,1.1012531618529309,0.1495044718394973
frozenset({'other vegetables'}),"frozenset({'whole milk', 'tropical fruit'})",0.3766033863519754,0.11646998460749101,0.050538737814263726,0.13419618528610355,1.1521954410687922,0.006675747202720163,1.020473692050514,0.2118902884836332
frozenset({'whole milk'}),"frozenset({'other vegetables', 'tropical fruit'})",0.4581836839404823,0.09132888660851719,0.050538737814263726,0.1103023516237402,1.2077487826666835,0.008693332097790739,1.0213257448188724,0.31747519612367325
frozenset({'tropical fruit'}),"frozenset({'other vegetables', 'whole milk'})",0.2337095946639302,0.1913801949717804,0.050538737814263726,0.21624588364434688,1.1299282231175123,0.005811350020704993,1.0317263898889468,0.1500580349025133
"frozenset({'other vegetables', 'yogurt'})",frozenset({'whole milk'}),0.12031811185223192,0.4581836839404823,0.07183170856849666,0.5970149253731343,1.303003459744948,0.016703912835278036,1.3445071546662106,0.26434820647419066
"frozenset({'other vegetables', 'whole milk'})",frozenset({'yogurt'}),0.1913801949717804,0.28296562339661363,0.07183170856849666,0.3753351206434316,1.326433635782499,0.017677692392541355,1.1478704827170092,0.30434418056562723
"frozenset({'yogurt', 'whole milk'})",frozenset({'other vegetables'}),0.15059004617752694,0.3766033863519754,0.07183170856849666,0.4770017035775127,1.2665889921969649,0.015118987227139669,1.1919668150208158,0.24779307071665865
frozenset({'other vegetables'}),"frozenset({'yogurt', 'whole milk'})",0.3766033863519754,0.15059004617752694,0.07183170856849666,0.19073569482288827,1.266588992196965,0.015118987227139669,1.049607586036524,0.337630805408583
frozenset({'yogurt'}),"frozenset({'other vegetables', 'whole milk'})",0.28296562339661363,0.1913801949717804,0.07183170856849666,0.25385312783318226,1.3264336357824993,0.017677692392541355,1.0837273936161924,0.34321748019422427
frozenset({'whole milk'}),"frozenset({'other vegetables', 'yogurt'})",0.4581836839404823,0.12031811185223192,0.07183170856849666,0.15677491601343785,1.3030034597449482,0.016703912835278036,1.043234961641377,0.4291903409090908
"frozenset({'rolls/buns', 'soda'})",frozenset({'whole milk'}),0.11980502821959979,0.4581836839404823,0.06516162134427912,0.54389721627409,1.187072423872566,0.010268912160029446,1.1879259136140603,0.1790414860340068
"frozenset({'soda', 'whole milk'})",frozenset({'rolls/buns'}),0.15110312981015905,0.3496664956387891,0.06516162134427912,0.4312393887945671,1.2332877017763921,0.012325919463507758,1.1434221912500098,0.2228294106029132
"frozenset({'rolls/buns', 'whole milk'})",frozenset({'soda'}),0.17855310415597742,0.3134940995382247,0.06516162134427912,0.3649425287356322,1.1641129108113701,0.009186276737146136,1.0810138161117548,0.1716200996424481
frozenset({'soda'}),"frozenset({'rolls/buns', 'whole milk'})",0.3134940995382247,0.17855310415597742,0.06516162134427912,0.20785597381342064,1.1641129108113701,0.009186276737146136,1.036991845786566,0.2053540953120773
frozenset({'rolls/buns'}),"frozenset({'soda', 'whole milk'})",0.3496664956387891,0.15110312981015905,0.06516162134427912,0.18635363169479094,1.2332877017763924,0.012325919463507758,1.0433241064641599,0.2908648992840394
frozenset({'whole milk'}),"frozenset({'rolls/buns', 'soda'})",0.4581836839404823,0.11980502821959979,0.06516162134427912,0.1422172452407615,1.1870724238725658,0.010268912160029446,1.0261280806787172,0.29085764137437375
"frozenset({'rolls/buns', 'yogurt'})",frozenset({'whole milk'}),0.11133914828116984,0.4581836839404823,0.0659312467932273,0.5921658986175116,1.2924203095246696,0.014917465666965286,1.3285213625414165,0.2546054582543291
"frozenset({'yogurt', 'whole milk'})",frozenset({'rolls/buns'}),0.15059004617752694,0.3496664956387891,0.0659312467932273,0.43781942078364566,1.2521057242954152,0.013274953068248031,1.156805354727366,0.23704148534480646
"frozenset({'rolls/buns', 'whole milk'})",frozenset({'yogurt'}),0.17855310415597742,0.28296562339661363,0.0659312467932273,0.36925287356321845,1.304938985629579,0.01540685636633067,1.136801654022681,0.28447444082856793
frozenset({'yogurt'}),"frozenset({'rolls/buns', 'whole milk'})",0.28296562339661363,0.17855310415597742,0.0659312467932273,0.2330009066183137,1.3049389856295788,0.01540685636633067,1.0709880923356465,0.32589880484188716
frozenset({'rolls/buns'}),"frozenset({'yogurt', 'whole milk'})",0.3496664956387891,0.15059004617752694,0.0659312467932273,0.1885546588407924,1.2521057242954152,0.013274953068248031,1.046786407830046,0.3096032970322108
frozenset({'whole milk'}),"frozenset({'rolls/buns', 'yogurt'})",0.4581836839404823,0.11133914828116984,0.0659312467932273,0.1438969764837626,1.2924203095246696,0.014917465666965286,1.0380302689142122,0.4175915281216837
"frozenset({'soda', 'yogurt'})",frozenset({'whole milk'}),0.09748589020010262,0.4581836839404823,0.05438686505900462,0.5578947368421052,1.2176224435669238,0.009720420754904237,1.2255369053727185,0.1980327587501474
"frozenset({'yogurt', 'whole milk'})",frozenset({'soda'}),0.15059004617752694,0.3134940995382247,0.05438686505900462,0.36115843270868825,1.1520422018809058,0.007177774133161133,1.0746105695228323,0.1553740248343145
"frozenset({'soda', 'whole milk'})",frozenset({'yogurt'}),0.15110312981015905,0.28296562339661363,0.05438686505900462,0.3599320882852292,1.2719993473579543,0.011629873735093534,1.120247341696007,0.2518987666569734
frozenset({'yogurt'}),"frozenset({'soda', 'whole milk'})",0.28296562339661363,0.15110312981015905,0.05438686505900462,0.19220308250226656,1.2719993473579543,0.011629873735093534,1.0508790660150333,0.29822290478279967
frozenset({'soda'}),"frozenset({'yogurt', 'whole milk'})",0.3134940995382247,0.15059004617752694,0.05438686505900462,0.17348608837970542,1.1520422018809058,0.007177774133161133,1.0277019441297643,0.1922434216092733
frozenset({'whole milk'}),"frozenset({'soda', 'yogurt'})",0.4581836839404823,0.09748589020010262,0.05438686505900462,0.1187010078387458,1.217622443566924,0.009720420754904237,1.0240725540677362,0.32986706689536865
